productId,productName,productCost,productBrand,productCategory,productColor,productMaterial,productImage,productAvailability,productLaunchDate,productSummary
1,Generic Metal Bacon,562.00,Sausages,Industrial,fuchsia,Frozen,http://lorempixel.com/640/480/animals,Oman,2020-12-23T15:23:32.575Z,"overriding the hard drive won't do anything, we need to program the optical THX pixel!"
2,Handmade Frozen Hat,486.00,Mouse,Garden,cyan,Concrete,http://lorempixel.com/640/480/sports,China,2020-03-20T15:34:58.031Z,"Use the online SMTP matrix, then you can generate the cross-platform array!"
3,Sleek Fresh Bike,775.00,Mouse,Movies,black,Granite,http://lorempixel.com/640/480/food,Cuba,2021-01-18T03:33:59.736Z,"The HDD driver is down, index the mobile sensor so we can navigate the SMS card!"
4,Awesome Fresh Towels,221.00,Towels,Electronics,salmon,Concrete,http://lorempixel.com/640/480/city,Malaysia,2020-10-20T04:21:25.740Z,"Try to transmit the THX protocol, maybe it will index the virtual circuit!"
5,Tasty Cotton Pizza,190.00,Table,Clothing,mint green,Steel,http://lorempixel.com/640/480/transport,Guernsey,2020-12-15T13:39:15.188Z,"If we quantify the pixel, we can get to the HTTP protocol through the redundant TCP monitor!"
6,Fantastic Granite Tuna,599.00,Keyboard,Electronics,azure,Granite,http://lorempixel.com/640/480/technics,Germany,2020-10-26T14:32:53.588Z,We need to copy the open-source XSS monitor!
7,Unbranded Concrete Chair,569.00,Mouse,Books,olive,Frozen,http://lorempixel.com/640/480/nightlife,Nepal,2020-08-25T19:54:50.022Z,"The SAS interface is down, override the digital capacitor so we can generate the EXE feed!"
8,Licensed Fresh Hat,542.00,Gloves,Outdoors,gold,Cotton,http://lorempixel.com/640/480/animals,Vietnam,2020-12-04T06:29:55.446Z,"Use the optical XSS capacitor, then you can reboot the neural pixel!"
9,Tasty Fresh Ball,501.00,Salad,Baby,magenta,Wooden,http://lorempixel.com/640/480/sports,Kiribati,2020-07-18T00:30:26.835Z,"The THX protocol is down, connect the cross-platform card so we can copy the THX driver!"
10,Generic Granite Gloves,491.00,Soap,Garden,plum,Wooden,http://lorempixel.com/640/480/nature,Nigeria,2020-10-16T06:49:43.345Z,"Try to navigate the SSL circuit, maybe it will override the open-source capacitor!"
11,Intelligent Plastic Ball,113.00,Tuna,Baby,mint green,Metal,http://lorempixel.com/640/480/nightlife,Palau,2020-05-27T08:59:25.208Z,"hacking the sensor won't do anything, we need to bypass the open-source SSL microchip!"
12,Fantastic Wooden Shirt,855.00,Pizza,Automotive,red,Rubber,http://lorempixel.com/640/480/cats,Papua New Guinea,2020-06-16T05:36:26.139Z,"If we parse the feed, we can get to the SAS array through the open-source XML firewall!"
13,Small Rubber Keyboard,484.00,Bike,Computers,indigo,Frozen,http://lorempixel.com/640/480/nightlife,Saint Kitts and Nevis,2020-11-07T14:15:58.720Z,"If we program the interface, we can get to the USB panel through the 1080p SQL system!"
14,Licensed Metal Pizza,599.00,Mouse,Health,olive,Rubber,http://lorempixel.com/640/480/cats,Botswana,2020-05-20T18:18:44.793Z,We need to hack the auxiliary FTP program!
15,Fantastic Fresh Bike,676.00,Computer,Garden,indigo,Fresh,http://lorempixel.com/640/480/food,Ecuador,2020-08-06T03:13:37.174Z,"I'll synthesize the neural HTTP capacitor, that should protocol the PNG interface!"
16,Handmade Cotton Chips,691.00,Ball,Computers,black,Frozen,http://lorempixel.com/640/480/animals,Togo,2020-08-07T23:56:05.722Z,You can't program the bus without bypassing the digital PNG driver!
17,Handmade Plastic Hat,944.00,Shirt,Computers,maroon,Soft,http://lorempixel.com/640/480/abstract,New Caledonia,2020-07-27T07:50:52.197Z,"The IB bus is down, quantify the cross-platform circuit so we can reboot the CSS port!"
18,Licensed Wooden Tuna,489.00,Salad,Baby,orchid,Wooden,http://lorempixel.com/640/480/city,Cape Verde,2020-10-03T10:43:58.500Z,"The COM monitor is down, generate the multi-byte transmitter so we can parse the IB circuit!"
19,Handcrafted Cotton Cheese,735.00,Keyboard,Automotive,green,Wooden,http://lorempixel.com/640/480/fashion,Gabon,2020-07-13T10:04:57.006Z,We need to navigate the haptic THX application!
20,Intelligent Plastic Salad,514.00,Gloves,Health,blue,Granite,http://lorempixel.com/640/480/nature,Slovenia,2021-02-07T08:39:45.753Z,"Use the auxiliary SMS bus, then you can back up the bluetooth array!"
21,Refined Metal Salad,681.00,Salad,Grocery,salmon,Granite,http://lorempixel.com/640/480/transport,Mauritius,2020-05-07T21:12:19.132Z,"The SMS matrix is down, input the digital microchip so we can quantify the FTP bus!"
22,Incredible Granite Pants,319.00,Keyboard,Electronics,turquoise,Fresh,http://lorempixel.com/640/480/nature,Andorra,2020-06-04T07:54:12.071Z,"programming the bus won't do anything, we need to generate the online COM port!"
23,Practical Metal Ball,914.00,Bacon,Beauty,tan,Frozen,http://lorempixel.com/640/480/transport,Malawi,2020-11-08T20:23:45.938Z,"Use the open-source AGP panel, then you can parse the auxiliary firewall!"
24,Handcrafted Frozen Chicken,686.00,Chicken,Movies,orchid,Wooden,http://lorempixel.com/640/480/abstract,Qatar,2021-01-22T05:12:20.394Z,"The SCSI array is down, synthesize the virtual circuit so we can transmit the XSS transmitter!"
25,Ergonomic Frozen Gloves,614.00,Salad,Grocery,pink,Soft,http://lorempixel.com/640/480/transport,Denmark,2020-03-01T22:43:05.969Z,"The SCSI system is down, navigate the multi-byte microchip so we can transmit the RAM interface!"
26,Ergonomic Frozen Gloves,713.00,Chair,Toys,blue,Granite,http://lorempixel.com/640/480/fashion,Russian Federation,2020-06-21T13:03:20.522Z,"The SAS sensor is down, program the primary port so we can quantify the SMS application!"
27,Handcrafted Soft Salad,896.00,Table,Industrial,blue,Granite,http://lorempixel.com/640/480/food,Poland,2020-12-16T22:01:57.753Z,"If we navigate the capacitor, we can get to the ADP monitor through the haptic PNG circuit!"
28,Sleek Granite Soap,556.00,Car,Sports,teal,Steel,http://lorempixel.com/640/480/sports,Democratic People's Republic of Korea,2020-07-29T12:36:28.276Z,"The IB sensor is down, back up the virtual interface so we can program the IB program!"
29,Licensed Soft Salad,440.00,Shoes,Games,turquoise,Metal,http://lorempixel.com/640/480/nightlife,Kazakhstan,2020-10-03T21:44:10.344Z,"programming the card won't do anything, we need to program the virtual JBOD port!"
30,Generic Wooden Ball,720.00,Soap,Music,red,Concrete,http://lorempixel.com/640/480/fashion,Iran,2020-03-16T12:20:55.979Z,"Try to copy the XSS microchip, maybe it will copy the multi-byte system!"
31,Handmade Cotton Ball,631.00,Pants,Music,pink,Soft,http://lorempixel.com/640/480/technics,Ireland,2021-02-10T16:04:36.768Z,We need to program the mobile HDD bus!
32,Ergonomic Plastic Pants,340.00,Chair,Electronics,plum,Fresh,http://lorempixel.com/640/480/nightlife,Moldova,2020-11-04T09:45:47.642Z,"navigating the monitor won't do anything, we need to quantify the primary SDD capacitor!"
33,Small Fresh Chips,717.00,Table,Jewelery,azure,Concrete,http://lorempixel.com/640/480/fashion,Ireland,2021-02-15T18:37:02.312Z,"If we parse the firewall, we can get to the SAS application through the neural HDD application!"
34,Gorgeous Granite Bacon,554.00,Salad,Sports,lavender,Frozen,http://lorempixel.com/640/480/cats,Nauru,2020-06-27T11:25:45.195Z,"The FTP panel is down, connect the optical hard drive so we can input the EXE circuit!"
35,Practical Fresh Bike,828.00,Car,Shoes,blue,Steel,http://lorempixel.com/640/480/business,Northern Mariana Islands,2020-04-10T03:07:02.911Z,"Try to copy the XSS alarm, maybe it will synthesize the online card!"
36,Rustic Cotton Keyboard,815.00,Chicken,Movies,maroon,Plastic,http://lorempixel.com/640/480/business,New Zealand,2020-06-06T01:45:32.368Z,We need to hack the cross-platform EXE port!
37,Sleek Plastic Computer,747.00,Salad,Garden,grey,Frozen,http://lorempixel.com/640/480/transport,Rwanda,2020-06-23T16:47:43.908Z,"I'll index the open-source AI matrix, that should pixel the PCI matrix!"
38,Small Frozen Gloves,945.00,Shoes,Tools,plum,Cotton,http://lorempixel.com/640/480/business,Suriname,2020-04-24T10:54:06.706Z,We need to compress the solid state SAS application!
39,Awesome Concrete Ball,503.00,Chicken,Kids,teal,Rubber,http://lorempixel.com/640/480/animals,Guyana,2021-01-21T08:49:14.081Z,You can't bypass the interface without compressing the redundant AGP feed!
40,Refined Metal Car,882.00,Keyboard,Health,orange,Concrete,http://lorempixel.com/640/480/city,Egypt,2020-09-12T02:37:12.165Z,"Try to quantify the ADP transmitter, maybe it will parse the digital microchip!"
41,Handmade Frozen Tuna,518.00,Tuna,Jewelery,lime,Soft,http://lorempixel.com/640/480/cats,Guadeloupe,2020-03-13T14:20:22.708Z,"Use the bluetooth IB microchip, then you can navigate the 1080p transmitter!"
42,Sleek Plastic Fish,428.00,Bacon,Books,black,Rubber,http://lorempixel.com/640/480/food,Comoros,2020-05-05T16:31:29.130Z,"Try to override the CSS protocol, maybe it will parse the solid state alarm!"
43,Generic Metal Sausages,71.00,Towels,Grocery,salmon,Wooden,http://lorempixel.com/640/480/nightlife,India,2020-05-05T00:29:41.272Z,"Try to index the SMTP bandwidth, maybe it will compress the online matrix!"
44,Tasty Cotton Shoes,40.00,Table,Automotive,teal,Rubber,http://lorempixel.com/640/480/people,Tunisia,2020-11-18T21:08:37.034Z,"I'll index the virtual ADP application, that should alarm the JSON system!"
45,Ergonomic Wooden Chicken,852.00,Shoes,Grocery,tan,Metal,http://lorempixel.com/640/480/technics,Belize,2020-03-12T02:48:38.912Z,"The XSS alarm is down, index the solid state driver so we can parse the PCI program!"
46,Gorgeous Soft Shirt,624.00,Table,Outdoors,indigo,Granite,http://lorempixel.com/640/480/people,Equatorial Guinea,2020-08-09T04:20:32.416Z,"I'll program the back-end USB interface, that should card the IB feed!"
47,Rustic Metal Shirt,940.00,Ball,Baby,orchid,Steel,http://lorempixel.com/640/480/cats,Russian Federation,2020-05-20T08:38:56.145Z,"programming the feed won't do anything, we need to generate the solid state AI program!"
48,Fantastic Soft Shoes,450.00,Ball,Movies,fuchsia,Metal,http://lorempixel.com/640/480/city,Algeria,2020-12-20T01:48:00.923Z,"I'll bypass the primary SSL application, that should protocol the RSS bus!"
49,Awesome Wooden Soap,463.00,Salad,Baby,indigo,Granite,http://lorempixel.com/640/480/cats,French Polynesia,2020-06-04T12:23:03.661Z,"If we calculate the hard drive, we can get to the PNG bus through the redundant RAM transmitter!"
50,Tasty Fresh Mouse,323.00,Fish,Music,salmon,Frozen,http://lorempixel.com/640/480/city,Marshall Islands,2020-04-24T14:00:08.352Z,You can't copy the firewall without calculating the mobile SSL matrix!
51,Intelligent Soft Shoes,504.00,Towels,Games,azure,Cotton,http://lorempixel.com/640/480/nightlife,Swaziland,2020-12-04T08:13:27.427Z,"Try to hack the EXE array, maybe it will override the neural application!"
52,Refined Soft Cheese,303.00,Computer,Kids,orange,Wooden,http://lorempixel.com/640/480/cats,Turkey,2020-04-04T19:25:10.232Z,"Use the back-end PNG microchip, then you can bypass the primary driver!"
53,Intelligent Frozen Cheese,274.00,Shirt,Home,orchid,Metal,http://lorempixel.com/640/480/abstract,Tanzania,2020-09-24T10:04:43.347Z,"Use the open-source THX array, then you can index the back-end matrix!"
54,Small Fresh Gloves,116.00,Bike,Toys,salmon,Concrete,http://lorempixel.com/640/480/fashion,Grenada,2020-08-03T17:16:57.565Z,You can't override the circuit without bypassing the solid state CSS application!
55,Ergonomic Plastic Pants,176.00,Hat,Jewelery,violet,Concrete,http://lorempixel.com/640/480/people,Serbia,2021-01-13T07:37:56.107Z,We need to back up the redundant XSS alarm!
56,Rustic Metal Chair,309.00,Soap,Tools,purple,Soft,http://lorempixel.com/640/480/fashion,United States Minor Outlying Islands,2020-10-17T00:15:11.825Z,"If we connect the driver, we can get to the RSS monitor through the auxiliary SAS driver!"
57,Gorgeous Fresh Mouse,174.00,Gloves,Electronics,azure,Frozen,http://lorempixel.com/640/480/food,Sri Lanka,2020-07-06T02:58:45.728Z,"Try to compress the SCSI sensor, maybe it will copy the virtual protocol!"
58,Rustic Frozen Car,641.00,Sausages,Sports,violet,Metal,http://lorempixel.com/640/480/nightlife,Belize,2020-12-30T04:25:16.522Z,"If we connect the driver, we can get to the THX microchip through the bluetooth PCI card!"
59,Generic Fresh Mouse,865.00,Computer,Grocery,fuchsia,Granite,http://lorempixel.com/640/480/sports,Namibia,2020-12-31T20:25:51.272Z,We need to bypass the neural XML panel!
60,Rustic Fresh Table,761.00,Tuna,Baby,gold,Wooden,http://lorempixel.com/640/480/people,Madagascar,2020-04-27T14:33:39.120Z,We need to generate the virtual SDD panel!
61,Refined Fresh Hat,268.00,Pizza,Beauty,sky blue,Wooden,http://lorempixel.com/640/480/animals,Saint Lucia,2020-09-05T11:54:32.848Z,You can't reboot the feed without bypassing the online SCSI port!
62,Fantastic Rubber Gloves,527.00,Cheese,Grocery,white,Frozen,http://lorempixel.com/640/480/technics,France,2020-05-25T22:38:09.470Z,"backing up the bandwidth won't do anything, we need to navigate the wireless AGP capacitor!"
63,Sleek Metal Tuna,773.00,Shoes,Grocery,yellow,Metal,http://lorempixel.com/640/480/animals,Thailand,2020-03-27T13:32:34.081Z,"navigating the capacitor won't do anything, we need to synthesize the optical PCI pixel!"
64,Handmade Metal Bacon,885.00,Computer,Books,purple,Soft,http://lorempixel.com/640/480/city,Czech Republic,2020-11-14T17:13:35.917Z,"Use the open-source JBOD protocol, then you can bypass the open-source feed!"
65,Gorgeous Soft Car,828.00,Chips,Health,magenta,Wooden,http://lorempixel.com/640/480/cats,Philippines,2020-06-03T19:24:54.910Z,"Use the neural GB pixel, then you can reboot the neural circuit!"
66,Incredible Fresh Hat,595.00,Car,Tools,salmon,Concrete,http://lorempixel.com/640/480/nightlife,Liechtenstein,2020-03-02T04:01:23.422Z,"The JSON transmitter is down, navigate the back-end application so we can reboot the XSS feed!"
67,Awesome Rubber Mouse,43.00,Pants,Shoes,pink,Frozen,http://lorempixel.com/640/480/people,"Virgin Islands, British",2021-02-17T18:12:10.855Z,"If we back up the card, we can get to the PCI driver through the bluetooth SQL driver!"
68,Intelligent Frozen Cheese,436.00,Soap,Beauty,violet,Steel,http://lorempixel.com/640/480/food,Iran,2020-12-04T12:12:23.338Z,You can't copy the interface without parsing the haptic SAS feed!
69,Handmade Fresh Hat,645.00,Tuna,Kids,olive,Soft,http://lorempixel.com/640/480/cats,Rwanda,2020-10-28T08:58:47.358Z,You can't compress the microchip without navigating the 1080p PNG port!
70,Fantastic Fresh Ball,367.00,Fish,Electronics,maroon,Metal,http://lorempixel.com/640/480/city,Burkina Faso,2020-03-28T07:07:36.441Z,You can't hack the card without parsing the 1080p FTP program!
71,Small Concrete Shoes,504.00,Chips,Clothing,plum,Fresh,http://lorempixel.com/640/480/food,Macao,2020-05-07T16:56:06.518Z,We need to program the digital SMS hard drive!
72,Licensed Soft Computer,251.00,Sausages,Music,fuchsia,Granite,http://lorempixel.com/640/480/food,Mauritania,2020-07-25T06:43:22.989Z,"The AGP port is down, navigate the multi-byte bandwidth so we can input the SQL driver!"
73,Licensed Fresh Tuna,824.00,Towels,Games,silver,Concrete,http://lorempixel.com/640/480/people,Republic of Korea,2021-01-03T15:17:49.524Z,"Use the redundant SMS system, then you can compress the redundant interface!"
74,Unbranded Steel Salad,43.00,Cheese,Books,orchid,Plastic,http://lorempixel.com/640/480/fashion,Tunisia,2020-10-16T20:40:21.847Z,"Try to connect the XSS alarm, maybe it will synthesize the back-end pixel!"
75,Fantastic Cotton Ball,860.00,Shoes,Jewelery,sky blue,Soft,http://lorempixel.com/640/480/people,Cuba,2020-06-25T00:14:05.208Z,"overriding the transmitter won't do anything, we need to program the back-end THX capacitor!"
76,Awesome Concrete Table,854.00,Soap,Jewelery,fuchsia,Concrete,http://lorempixel.com/640/480/technics,Nigeria,2021-01-10T14:11:34.816Z,"The SMTP microchip is down, compress the bluetooth panel so we can calculate the SQL port!"
77,Handmade Plastic Towels,351.00,Table,Clothing,orchid,Fresh,http://lorempixel.com/640/480/fashion,Jamaica,2020-04-22T11:51:49.766Z,"If we transmit the bus, we can get to the ADP protocol through the neural THX program!"
78,Gorgeous Wooden Mouse,491.00,Table,Industrial,black,Wooden,http://lorempixel.com/640/480/fashion,South Africa,2020-11-20T04:49:27.621Z,"bypassing the circuit won't do anything, we need to program the digital CSS firewall!"
79,Sleek Steel Table,850.00,Table,Outdoors,azure,Soft,http://lorempixel.com/640/480/sports,Burkina Faso,2021-02-22T02:37:36.580Z,"I'll hack the optical SSL circuit, that should array the SAS system!"
80,Generic Metal Bike,949.00,Towels,Grocery,violet,Plastic,http://lorempixel.com/640/480/nightlife,Iceland,2020-03-18T13:40:09.743Z,"navigating the microchip won't do anything, we need to synthesize the wireless SSL program!"
81,Awesome Steel Cheese,429.00,Pizza,Kids,mint green,Concrete,http://lorempixel.com/640/480/abstract,Mozambique,2020-04-25T09:45:14.092Z,You can't quantify the bandwidth without indexing the digital THX hard drive!
82,Fantastic Frozen Pizza,892.00,Chicken,Sports,ivory,Frozen,http://lorempixel.com/640/480/people,Sao Tome and Principe,2020-11-11T07:49:00.383Z,We need to index the multi-byte RAM sensor!
83,Handcrafted Plastic Keyboard,777.00,Car,Outdoors,sky blue,Granite,http://lorempixel.com/640/480/animals,Reunion,2021-01-06T02:23:17.229Z,"The PNG bandwidth is down, index the auxiliary system so we can bypass the THX matrix!"
84,Incredible Steel Ball,77.00,Car,Health,sky blue,Steel,http://lorempixel.com/640/480/transport,British Indian Ocean Territory (Chagos Archipelago),2020-08-05T00:26:29.909Z,We need to navigate the optical THX hard drive!
85,Generic Soft Ball,661.00,Pizza,Clothing,olive,Concrete,http://lorempixel.com/640/480/business,Nigeria,2020-03-12T21:38:22.364Z,"overriding the bus won't do anything, we need to quantify the auxiliary IB monitor!"
86,Licensed Plastic Fish,642.00,Fish,Garden,black,Metal,http://lorempixel.com/640/480/food,Palestinian Territory,2021-02-08T16:34:48.749Z,"transmitting the pixel won't do anything, we need to reboot the bluetooth SDD card!"
87,Sleek Concrete Soap,394.00,Mouse,Computers,indigo,Steel,http://lorempixel.com/640/480/business,Northern Mariana Islands,2020-11-17T17:23:36.215Z,"Use the digital SCSI monitor, then you can navigate the solid state matrix!"
88,Fantastic Concrete Salad,580.00,Chair,Kids,teal,Fresh,http://lorempixel.com/640/480/food,Mauritania,2021-02-16T09:17:38.841Z,You can't transmit the protocol without calculating the haptic THX transmitter!
89,Incredible Wooden Bacon,773.00,Ball,Jewelery,ivory,Wooden,http://lorempixel.com/640/480/nature,Palestinian Territory,2020-12-02T17:42:22.689Z,"Use the wireless JBOD matrix, then you can generate the virtual card!"
90,Fantastic Frozen Shoes,974.00,Car,Sports,gold,Cotton,http://lorempixel.com/640/480/sports,South Africa,2020-07-20T16:03:02.509Z,"I'll reboot the haptic GB pixel, that should card the SDD card!"
91,Refined Fresh Keyboard,378.00,Shoes,Automotive,green,Concrete,http://lorempixel.com/640/480/food,Cape Verde,2020-11-15T21:11:26.314Z,You can't navigate the hard drive without hacking the cross-platform SMS capacitor!
92,Rustic Metal Ball,32.00,Towels,Jewelery,sky blue,Fresh,http://lorempixel.com/640/480/abstract,Trinidad and Tobago,2021-02-25T20:08:37.868Z,You can't compress the program without bypassing the multi-byte IB matrix!
93,Refined Soft Fish,138.00,Salad,Baby,fuchsia,Plastic,http://lorempixel.com/640/480/transport,Finland,2021-01-24T01:49:18.917Z,"Try to override the JSON pixel, maybe it will program the back-end feed!"
94,Licensed Wooden Ball,774.00,Gloves,Music,green,Plastic,http://lorempixel.com/640/480/nature,Switzerland,2020-12-26T17:34:37.065Z,"Use the virtual HTTP program, then you can quantify the mobile circuit!"
95,Intelligent Steel Bike,913.00,Bacon,Automotive,lavender,Rubber,http://lorempixel.com/640/480/business,Spain,2020-11-20T09:22:19.219Z,"Use the online XML microchip, then you can calculate the primary matrix!"
96,Handmade Fresh Fish,172.00,Salad,Shoes,ivory,Plastic,http://lorempixel.com/640/480/fashion,Syrian Arab Republic,2020-06-04T15:50:07.562Z,You can't input the program without navigating the online AI system!
97,Gorgeous Frozen Tuna,711.00,Chair,Health,yellow,Steel,http://lorempixel.com/640/480/city,Djibouti,2020-10-23T02:53:49.781Z,"Use the bluetooth EXE transmitter, then you can hack the auxiliary port!"
98,Unbranded Wooden Shoes,691.00,Soap,Beauty,mint green,Concrete,http://lorempixel.com/640/480/people,Burkina Faso,2021-02-10T10:09:55.096Z,"If we generate the program, we can get to the THX interface through the online CSS program!"
99,Fantastic Wooden Pizza,170.00,Towels,Tools,pink,Steel,http://lorempixel.com/640/480/animals,Norway,2020-05-25T13:34:30.200Z,We need to parse the open-source TCP sensor!
100,Generic Granite Sausages,236.00,Gloves,Electronics,orange,Fresh,http://lorempixel.com/640/480/city,Isle of Man,2020-04-17T21:29:30.269Z,"The SDD port is down, quantify the mobile matrix so we can calculate the AI feed!"
